{"r": {"value": 0.3176521143152903, "2sigma": 0.04966117926252378}, "Tc": {"value": 1.0153617890962894, "2sigma": 0.13018807404069266}, "sigma_sample": {"value": 1.079343443838026e-05, "2sigma": 1.2096663937167955}, "GF": {"value": 0.999999994622005, "2sigma": 0.0025089610950229657}, "sigma_cell": {"value": 0.22248142770362261, "2sigma": 0.08527939973038651}}