{"GF": {"2sigma": 0.0025089612222299884, "value": 0.9999999946219387}, "r": {"2sigma": 0.04966116189765574, "value": 0.31765211407334226}, "Tc": {"2sigma": 0.13018805546155754, "value": 1.0153617885858588}, "sigma_cell": {"2sigma": 0.08527938852424025, "value": 0.2224814281442343}, "sigma_sample": {"2sigma": 1.2096664895720666, "value": 1.079340623977458e-05}}